Repository's Location,Branch,File Formats,Ignore Glob List,Ignore standalone config,Ignore Commits List,Ignore Authors List,Shallow Cloning,Find Previous Authors
https://github.com/V4Vern/ip.git,master,,tutorials/**;gradlew.bat,,,,,
https://github.com/Cohii2/ip.git,master,,tutorials/**;gradlew.bat,,,,,
https://github.com/yuki-zmstr/ip.git,master,,tutorials/**;gradlew.bat,,,,,
https://github.com/SemiColonKen/ip.git,master,,tutorials/**;gradlew.bat,,,,,
https://github.com/RyanTDL/ip.git,master,,tutorials/**;gradlew.bat,,,,,
https://github.com/yeozhishen/ip.git,master,,tutorials/**;gradlew.bat,,,,,
https://github.com/owx0130/ip.git,master,,tutorials/**;gradlew.bat,,,,,
https://github.com/BenjoBurger/ip.git,master,,tutorials/**;gradlew.bat,,,,,
https://github.com/genexus85/ip.git,master,,tutorials/**;gradlew.bat,,,,,
https://github.com/CerealMiller/ip.git,master,,tutorials/**;gradlew.bat,,,,,
https://github.com/HengShuHong/ip.git,master,,tutorials/**;gradlew.bat,,,,,
https://github.com/Heart_of_N1/ip.git,master,,tutorials/**;gradlew.bat,,,,,
https://github.com/samuelory/ip.git,master,,tutorials/**;gradlew.bat,,,,,
https://github.com/LowTL/ip.git,master,,tutorials/**;gradlew.bat,,,,,
https://github.com/cyhjason29/ip.git,master,,tutorials/**;gradlew.bat,,,,,
https://github.com/Leong-ZM/ip.git,master,,tutorials/**;gradlew.bat,,,,,
https://github.com/alvinnnnnnnnnn/ip.git,master,,tutorials/**;gradlew.bat,,,,,
https://github.com/jing-xiang/ip.git,master,,tutorials/**;gradlew.bat,,,,,
https://github.com/fungg0/ip.git,master,,tutorials/**;gradlew.bat,,,,,
https://github.com/webtjs/ip.git,master,,tutorials/**;gradlew.bat,,,,,
https://github.com/sxfoo/ip.git,master,,tutorials/**;gradlew.bat,,,,,
https://github.com/daryltay415/ip.git,master,,tutorials/**;gradlew.bat,,,,,
https://github.com/yuhengr/ip.git,master,,tutorials/**;gradlew.bat,,,,,
https://github.com/Joellimjr/ip.git,master,,tutorials/**;gradlew.bat,,,,,
https://github.com/ParthGandhiNUS/ip.git,master,,tutorials/**;gradlew.bat,,,,,
https://github.com/Fureimi/ip.git,master,,tutorials/**;gradlew.bat,,,,,
https://github.com/cirelesna/ip.git,master,,tutorials/**;gradlew.bat,,,,,
https://github.com/seandooa/ip.git,master,,tutorials/**;gradlew.bat,,,,,
https://github.com/rismm/ip.git,master,,tutorials/**;gradlew.bat,,,,,
https://github.com/damiwee/ip.git,master,,tutorials/**;gradlew.bat,,,,,
https://github.com/alalal47/ip.git,master,,tutorials/**;gradlew.bat,,,,,
https://github.com/awesomesjh/ip.git,master,,tutorials/**;gradlew.bat,,,,,
https://github.com/Daviancold/ip.git,master,,tutorials/**;gradlew.bat,,,,,
https://github.com/chenhowy/ip.git,master,,tutorials/**;gradlew.bat,,,,,
https://github.com/rexyyong/ip.git,master,,tutorials/**;gradlew.bat,,,,,
https://github.com/Zhengwinter/ip.git,master,,tutorials/**;gradlew.bat,,,,,
https://github.com/Cryolian/ip.git,master,,tutorials/**;gradlew.bat,,,,,
https://github.com/paturikarthik/ip.git,master,,tutorials/**;gradlew.bat,,,,,
https://github.com/ChinYanXu/ip.git,master,,tutorials/**;gradlew.bat,,,,,
https://github.com/dtaywd/ip.git,master,,tutorials/**;gradlew.bat,,,,,
https://github.com/wallywallywally/ip.git,master,,tutorials/**;gradlew.bat,,,,,
https://github.com/yeozongyao/ip.git,master,,tutorials/**;gradlew.bat,,,,,
https://github.com/isaaceng7/ip.git,master,,tutorials/**;gradlew.bat,,,,,
https://github.com/NGXZS/ip.git,master,,tutorials/**;gradlew.bat,,,,,
https://github.com/sweijie24/ip.git,master,,tutorials/**;gradlew.bat,,,,,
https://github.com/itsmejr257/ip.git,master,,tutorials/**;gradlew.bat,,,,,
https://github.com/joshualeejunyi/ip.git,master,,tutorials/**;gradlew.bat,,,,,
https://github.com/Vavinan/ip.git,master,,tutorials/**;gradlew.bat,,,,,
https://github.com/64-1/ip.git,master,,tutorials/**;gradlew.bat,,,,,
https://github.com/Xb990219/ip.git,master,,tutorials/**;gradlew.bat,,,,,
https://github.com/ThawTunZan/ip.git,master,,tutorials/**;gradlew.bat,,,,,
https://github.com/djleong01/ip.git,master,,tutorials/**;gradlew.bat,,,,,
https://github.com/MonkeScripts/ip.git,master,,tutorials/**;gradlew.bat,,,,,
https://github.com/chenxk619/ip.git,master,,tutorials/**;gradlew.bat,,,,,
https://github.com/hwc0419/ip.git,master,,tutorials/**;gradlew.bat,,,,,
https://github.com/JackieNeoCEG/ip.git,master,,tutorials/**;gradlew.bat,,,,,
https://github.com/Mmaxx15/ip.git,master,,tutorials/**;gradlew.bat,,,,,
https://github.com/clarencepohh/ip.git,master,,tutorials/**;gradlew.bat,,,,,
https://github.com/NicholasTanYY/ip.git,master,,tutorials/**;gradlew.bat,,,,,
https://github.com/HikoHikoHiko/ip.git,master,,tutorials/**;gradlew.bat,,,,,
https://github.com/soongensayo/ip.git,master,,tutorials/**;gradlew.bat,,,,,
https://github.com/nikhil-2101/ip.git,master,,tutorials/**;gradlew.bat,,,,,
https://github.com/Praneet-25/ip.git,master,,tutorials/**;gradlew.bat,,,,,
https://github.com/mukund1403/ip.git,master,,tutorials/**;gradlew.bat,,,,,
https://github.com/nicknamenic/ip.git,master,,tutorials/**;gradlew.bat,,,,,
https://github.com/BryanCastorius/ip.git,master,,tutorials/**;gradlew.bat,,,,,
https://github.com/PDHung1104/ip.git,master,,tutorials/**;gradlew.bat,,,,,
https://github.com/jasonlienardi/ip.git,master,,tutorials/**;gradlew.bat,,,,,
https://github.com/edwardhumi/ip.git,master,,tutorials/**;gradlew.bat,,,,,
https://github.com/z-wenqing/ip.git,master,,tutorials/**;gradlew.bat,,,,,
https://github.com/Joshuahoky/ip.git,master,,tutorials/**;gradlew.bat,,,,,
https://github.com/Dheekshitha2/ip.git,master,,tutorials/**;gradlew.bat,,,,,
https://github.com/liuy1103/ip.git,master,,tutorials/**;gradlew.bat,,,,,
https://github.com/hongyijie06/ip.git,master,,tutorials/**;gradlew.bat,,,,,
https://github.com/liuzehui03/ip.git,master,,tutorials/**;gradlew.bat,,,,,
https://github.com/ZhuSijia0711/ip.git,master,,tutorials/**;gradlew.bat,,,,,
https://github.com/hafizuddin-a/ip.git,master,,tutorials/**;gradlew.bat,,,,,
https://github.com/jasraa/ip.git,master,,tutorials/**;gradlew.bat,,,,,
https://github.com/SharlynLui/ip.git,master,,tutorials/**;gradlew.bat,,,,,
https://github.com/claribelho/ip.git,master,,tutorials/**;gradlew.bat,,,,,
https://github.com/ZMinghuiZ/ip.git,master,,tutorials/**;gradlew.bat,,,,,
https://github.com/fxe025/ip.git,master,,tutorials/**;gradlew.bat,,,,,
https://github.com/YoengKokLeong/ip.git,master,,tutorials/**;gradlew.bat,,,,,
https://github.com/1simjustin/ip.git,master,,tutorials/**;gradlew.bat,,,,,
https://github.com/dextboy/ip.git,master,,tutorials/**;gradlew.bat,,,,,
https://github.com/ZhangWenyue3325/ip.git,master,,tutorials/**;gradlew.bat,,,,,
https://github.com/ZhouJunmin/ip.git,master,,tutorials/**;gradlew.bat,,,,,
https://github.com/LuoYu-uwu/ip.git,master,,tutorials/**;gradlew.bat,,,,,
https://github.com/FeathersRe/ip.git,master,,tutorials/**;gradlew.bat,,,,,
https://github.com/tayponghee/ip.git,master,,tutorials/**;gradlew.bat,,,,,
https://github.com/tannerlie/ip.git,master,,tutorials/**;gradlew.bat,,,,,
https://github.com/ChenKangg/ip.git,master,,tutorials/**;gradlew.bat,,,,,
https://github.com/tiffanyliu0220/ip.git,master,,tutorials/**;gradlew.bat,,,,,
https://github.com/IanFH/ip.git,master,,tutorials/**;gradlew.bat,,,,,
https://github.com/JianJiaT/ip.git,master,,tutorials/**;gradlew.bat,,,,,
https://github.com/Ijaaz01/ip.git,master,,tutorials/**;gradlew.bat,,,,,
https://github.com/EugeneChanJiajun/ip.git,master,,tutorials/**;gradlew.bat,,,,,
https://github.com/kyhjonathan/ip.git,master,,tutorials/**;gradlew.bat,,,,,
https://github.com/Luo-Z-Y/ip.git,master,,tutorials/**;gradlew.bat,,,,,
https://github.com/JingHaoooo/ip.git,master,,tutorials/**;gradlew.bat,,,,,
https://github.com/blackmirag3/ip.git,master,,tutorials/**;gradlew.bat,,,,,
https://github.com/luozihui2003/ip.git,master,,tutorials/**;gradlew.bat,,,,,
https://github.com/adamzzq/ip.git,master,,tutorials/**;gradlew.bat,,,,,
https://github.com/OKW32/ip.git,master,,tutorials/**;gradlew.bat,,,,,
https://github.com/Haotian199/ip.git,master,,tutorials/**;gradlew.bat,,,,,
https://github.com/kirangeofran/ip.git,master,,tutorials/**;gradlew.bat,,,,,
https://github.com/B1G-SAM/ip.git,master,,tutorials/**;gradlew.bat,,,,,
https://github.com/yyangdaa/ip.git,master,,tutorials/**;gradlew.bat,,,,,
https://github.com/runxinghuan/ip.git,master,,tutorials/**;gradlew.bat,,,,,
https://github.com/nigelheng/ip.git,master,,tutorials/**;gradlew.bat,,,,,
https://github.com/cayennegoh/ip.git,master,,tutorials/**;gradlew.bat,,,,,
https://github.com/lordgareth10/ip.git,master,,tutorials/**;gradlew.bat,,,,,
https://github.com/vimalapugazhan/ip.git,master,,tutorials/**;gradlew.bat,,,,,
https://github.com/shawnpong/ip.git,master,,tutorials/**;gradlew.bat,,,,,
https://github.com/TimothyLKM/ip.git,master,,tutorials/**;gradlew.bat,,,,,
https://github.com/JeffinsonDarmawan/ip.git,master,,tutorials/**;gradlew.bat,,,,,
https://github.com/iscyng/ip.git,master,,tutorials/**;gradlew.bat,,,,,
https://github.com/Hws2209/ip.git,master,,tutorials/**;gradlew.bat,,,,,
https://github.com/nyh3/ip.git,master,,tutorials/**;gradlew.bat,,,,,
https://github.com/anneleong/ip.git,master,,tutorials/**;gradlew.bat,,,,,
https://github.com/CXIA17/ip.git,master,,tutorials/**;gradlew.bat,,,,,
https://github.com/AhmedShaiyan/ip.git,master,,tutorials/**;gradlew.bat,,,,,
https://github.com/pradeep-cod/ip.git,master,,tutorials/**;gradlew.bat,,,,,
https://github.com/STeng618/ip.git,master,,tutorials/**;gradlew.bat,,,,,
https://github.com/HiteshriAcharya/ip.git,master,,tutorials/**;gradlew.bat,,,,,
https://github.com/avrilgk/ip.git,master,,tutorials/**;gradlew.bat,,,,,
https://github.com/IncyBot/ip.git,master,,tutorials/**;gradlew.bat,,,,,
https://github.com/ymirmeddeb/ip.git,master,,tutorials/**;gradlew.bat,,,,,
https://github.com/Aak242/ip.git,master,,tutorials/**;gradlew.bat,,,,,
https://github.com/aaravrawal52/ip.git,master,,tutorials/**;gradlew.bat,,,,,
https://github.com/ChongXern/ip.git,master,,tutorials/**;gradlew.bat,,,,,
https://github.com/Jamarcus111/ip.git,master,,tutorials/**;gradlew.bat,,,,,
https://github.com/BestDownLoader365/ip.git,master,,tutorials/**;gradlew.bat,,,,,
https://github.com/haowern98/ip.git,master,,tutorials/**;gradlew.bat,,,,,
https://github.com/ShyamKrishna33/ip.git,master,,tutorials/**;gradlew.bat,,,,,
https://github.com/StargazerX0/ip.git,master,,tutorials/**;gradlew.bat,,,,,
https://github.com/eliztan/ip.git,master,,tutorials/**;gradlew.bat,,,,,
https://github.com/SuveenE/ip.git,master,,tutorials/**;gradlew.bat,,,,,
https://github.com/Mahesh1772/ip.git,master,,tutorials/**;gradlew.bat,,,,,
https://github.com/Elyovs/ip.git,master,,tutorials/**;gradlew.bat,,,,,
https://github.com/vibes-863/ip.git,master,,tutorials/**;gradlew.bat,,,,,
https://github.com/Kishen271828/ip.git,master,,tutorials/**;gradlew.bat,,,,,
https://github.com/pqienso/ip.git,master,,tutorials/**;gradlew.bat,,,,,
https://github.com/LWachtel1/ip.git,master,,tutorials/**;gradlew.bat,,,,,
https://github.com/azamanis/ip.git,master,,tutorials/**;gradlew.bat,,,,,
https://github.com/MayFairMI6/ip.git,master,,tutorials/**;gradlew.bat,,,,,
https://github.com/john-nng/ip.git,master,,tutorials/**;gradlew.bat,,,,,
https://github.com/songyuew/ip.git,master,,tutorials/**;gradlew.bat,,,,,
https://github.com/Celineyaa/ip.git,master,,tutorials/**;gradlew.bat,,,,,
https://github.com/yzhanglp/ip.git,master,,tutorials/**;gradlew.bat,,,,,
https://github.com/HenryGan138/ip.git,master,,tutorials/**;gradlew.bat,,,,,
https://github.com/ningsongshen/ip.git,master,,tutorials/**;gradlew.bat,,,,,
https://github.com/jensonjenkins/ip.git,master,,tutorials/**;gradlew.bat,,,,,
https://github.com/dylansiew/ip.git,master,,tutorials/**;gradlew.bat,,,,,
https://github.com/ttasnim5/ip.git,master,,tutorials/**;gradlew.bat,,,,,
https://github.com/mihirheda02/ip.git,master,,tutorials/**;gradlew.bat,,,,,
https://github.com/nidhi-nayak/ip.git,master,,tutorials/**;gradlew.bat,,,,,
https://github.com/jthibault03/ip.git,master,,tutorials/**;gradlew.bat,,,,,
https://github.com/tinaliu27/ip.git,master,,tutorials/**;gradlew.bat,,,,,
https://github.com/a-wild-chocolate/ip.git,master,,tutorials/**;gradlew.bat,,,,,
https://github.com/hailey-jung/ip.git,master,,tutorials/**;gradlew.bat,,,,,
https://github.com/annnniexu/ip.git,master,,tutorials/**;gradlew.bat,,,,,
https://github.com/Andy123qq4/ip.git,master,,tutorials/**;gradlew.bat,,,,,
https://github.com/Geinzit/ip.git,master,,tutorials/**;gradlew.bat,,,,,
https://github.com/classskipper351/ip.git,master,,tutorials/**;gradlew.bat,,,,,
https://github.com/raajamani/ip.git,master,,tutorials/**;gradlew.bat,,,,,
https://github.com/YHWong20/ip.git,master,,tutorials/**;gradlew.bat,,,,,
https://github.com/syj02/ip.git,master,,tutorials/**;gradlew.bat,,,,,
https://github.com/T0nyLin/ip.git,master,,tutorials/**;gradlew.bat,,,,,
https://github.com/XavierLiau34/ip.git,master,,tutorials/**;gradlew.bat,,,,,
https://github.com/cheeseong2001/ip.git,master,,tutorials/**;gradlew.bat,,,,,
https://github.com/rouvinerh/ip.git,master,,tutorials/**;gradlew.bat,,,,,
https://github.com/NgYaoDong/ip.git,master,,tutorials/**;gradlew.bat,,,,,
https://github.com/nur-haziq/ip.git,master,,tutorials/**;gradlew.bat,,,,,
https://github.com/nkotaa/ip.git,master,,tutorials/**;gradlew.bat,,,,,
https://github.com/wenenhoe/ip.git,master,,tutorials/**;gradlew.bat,,,,,
https://github.com/wjunjie01/ip.git,master,,tutorials/**;gradlew.bat,,,,,
https://github.com/L5-Z/ip.git,master,,tutorials/**;gradlew.bat,,,,,
https://github.com/annoy-o-mus/ip.git,master,,tutorials/**;gradlew.bat,,,,,
https://github.com/nickczh/ip.git,master,,tutorials/**;gradlew.bat,,,,,
https://github.com/e0958902/ip.git,master,,tutorials/**;gradlew.bat,,,,,
https://github.com/JustinSoh/ip.git,master,,tutorials/**;gradlew.bat,,,,,
https://github.com/PureUsagi/ip.git,master,,tutorials/**;gradlew.bat,,,,,
https://github.com/Kobot7/ip.git,master,,tutorials/**;gradlew.bat,,,,,
https://github.com/EdmundTangg/ip.git,master,,tutorials/**;gradlew.bat,,,,,
https://github.com/kyuichyi/ip.git,master,,tutorials/**;gradlew.bat,,,,,
https://github.com/imanamirshah/ip.git,master,,tutorials/**;gradlew.bat,,,,,
https://github.com/j013n3/ip.git,master,,tutorials/**;gradlew.bat,,,,,
https://github.com/leongxingyu/ip.git,master,,tutorials/**;gradlew.bat,,,,,
